-- Sherise version --
SET TERMOUT ON
Database System Coursework02 - Implementation.
PROMPT Building demonstration tables.  Please wait.
SET TERMOUT OFF

-- creating 8 tables --
DROP TABLE STUD;
DROP TABLE SUBJ;
DROP TABLE STUDSUBJ;
DROP TABLE SUBJLECT;
DROP TABLE LECT;
DROP TABLE CW;
DROP TABLE EXAM;
DROP TABLE QUEST;

-- table for students --
CREATE TABLE STUD
(
  StudentID NUMBER(9) NOT NULL,
  StudentName VARCHAR2(20) NOT NULL,
  SEmail VARCHAR2(30) NOT NULL,
  PRIMARY KEY (StudentID)
);

  INSERT INTO STUD VALUES
    (161017024, 'Sherise Lam', 's.y.lam@se16.qmul.ac.uk');
  INSERT INTO STUD VALUES
    (160000001, 'Ethan Sung', 'j.y.s@se16.qmul.ac.uk');
  INSERT INTO STUD VALUES
    (160448269, 'Sam Law', 'w.s.l@se16.qmul.ac.uk');
  INSERT INTO STUD VALUES
    (160000003, 'Simon Carucci', 's.c@se16.qmul.ac.uk');
  INSERT INTO STUD VALUES
    (160000004, 'Agata Miakisz', 'a.m@se16.qmul.ac.uk');
  INSERT INTO STUD VALUES
    (110519970, 'Sheri Rice', 's.r@se16.qmul.ac.uk');
  INSERT INTO STUD VALUES
    (123456789, 'Brown Bear', 'b.b@se16.qmul.ac.uk');
  INSERT INTO STUD VALUES
    (234567891, 'Black Cat', 'b.c@se16.qmul.ac.uk');
  INSERT INTO STUD VALUES
    (345678912, 'Lazy Pig', 'l.p@se16.qmul.ac.uk');
  INSERT INTO STUD VALUES
    (456789123, 'Sleepy Wakey', 's.w@se16.qmul.ac.uk');


-- table for subjects --
CREATE TABLE SUBJ
(
  SubjectCode VARCHAR2(8) NOT NULL,
  SubjName VARCHAR2(65) NOT NULL,
  SubjYear DATE NOT NULL,
  SubjSem NUMBER(1) NOT NULL,
  PRIMARY KEY (SubjectCode)
);

  INSERT INTO SUBJ VALUES
    ('ECS529U', 'Database Systems', TO_DATE('01-2018','MM-YYYY'), 5);
  INSERT INTO SUBJ VALUES
    ('ECS522U', 'Graphical User Interfaces', TO_DATE('01-2018','MM-YYYY'), 5);
  INSERT INTO SUBJ VALUES
    ('ECS506U', 'Software Engineering Project', TO_DATE('01-2018','MM-YYYY'), 5);
  INSERT INTO SUBJ VALUES
    ('ECS518U', 'Operating Systems', TO_DATE('01-2018','MM-YYYY'), 5);
  INSERT INTO SUBJ VALUES
    ('BUS021U', '', TO_DATE('01-2018','MM-YYYY'), 5);
  INSERT INTO SUBJ VALUES
    ('ECS509U', 'Probability and Matrices', TO_DATE('10-2017','MM-YYYY'), 4);
  INSERT INTO SUBJ VALUES
    ('ECS524U', 'Internet Protocols and Application', TO_DATE('10-2017','MM-YYYY'), 4);
  INSERT INTO SUBJ VALUES
    ('ECS510U', 'Algorithms and Data Structures in an Object-Oriented Framework', TO_DATE('10-2017','MM-YYYY'), 4);
  INSERT INTO SUBJ VALUES
    ('ECS505U', 'Software Engineering', TO_DATE('10-2017','MM-YYYY'), 4);
  INSERT INTO SUBJ VALUES
    ('BUS011U', '', TO_DATE('10-2017','MM-YYYY'), 4);
  --INSERT INTO SUBJ VALUES
  --  ('ECS421U', 'Automata and Formal Languages', TO_DATE('01-2017','MM-YYYY'), 2);
  --INSERT INTO SUBJ VALUES
  --  ('ECS419U', 'Information System Analysis', TO_DATE('01-2017','MM-YYYY'), 2);
  --INSERT INTO SUBJ VALUES
  --  ('ECS417U', 'Fundamentals of Web Technology', TO_DATE('01-2017','MM-YYYY'), 2);
  --INSERT INTO SUBJ VALUES
  --  ('ECS414U', 'Object-Oriented Programming', TO_DATE('01-2017','MM-YYYY'), 2);
  --INSERT INTO SUBJ VALUES
  --  ('ECS407U', 'Logic and Discrete Structures', TO_DATE('10-2016','MM-YYYY'), 1);
  --INSERT INTO SUBJ VALUES
  --  ('ECS404U', 'Computer Systems and Network', TO_DATE('10-2016','MM-YYYY'), 1);
  --INSERT INTO SUBJ VALUES
  --  ('ECS402U', 'Professional and Research Themes', TO_DATE('10-2016','MM-YYYY'), 1);
  --INSERT INTO SUBJ VALUES
  --  ('ECS401U', 'Procedural Programming', TO_DATE('10-2016','MM-YYYY'), 1);


-- table for student subject --
-- maybe ADD LECTSUBJ! as at least one lecturer taught one subject. --
CREATE TABLE STUDSUBJ
(
  StudentID NUMBER(9) NOT NULL,
  SubjectCode VARCHAR2(8) NOT NULL,
  LecturerID NUMBER(9) NOT NULL
);

  INSERT INTO STUDSUBJ VALUES
    (161017024, 'ECS529U', 100000012);
  INSERT INTO STUDSUBJ VALUES
    (161017024, 'ECS522U', 100000005);
  INSERT INTO STUDSUBJ VALUES
    (161017024, 'ECS506U', 100000041);
  INSERT INTO STUDSUBJ VALUES
    (161017024, 'ECS518U', 100000001);
  INSERT INTO STUDSUBJ VALUES
    (161017024, 'ECS509U', 100000001);
  INSERT INTO STUDSUBJ VALUES
    (161017024, 'ECS524U', 100000003);
  INSERT INTO STUDSUBJ VALUES
    (161017024, 'ECS510U', 100000021);
  INSERT INTO STUDSUBJ VALUES
    (161017024, 'ECS505U', 100000041);
  -- INSERT INTO STUDSUBJ VALUES
  --   (161017024, 'ECS421U', 520131400);
  -- INSERT INTO STUDSUBJ VALUES
  --   (161017024, 'ECS419U', 520131400);
  -- INSERT INTO STUDSUBJ VALUES
  --   (161017024, 'ECS417U', 520131400);
  -- INSERT INTO STUDSUBJ VALUES
  --   (161017024, 'ECS414U', 520131400);
  -- INSERT INTO STUDSUBJ VALUES
  --   (161017024, 'ECS407U', 520131400);
  -- INSERT INTO STUDSUBJ VALUES
  --   (161017024, 'ECS404U', 520131400);
  -- INSERT INTO STUDSUBJ VALUES
  --   (161017024, 'ECS402U', 520131400);
  -- INSERT INTO STUDSUBJ VALUES
  --   (161017024, 'ECS401U', 520131400);

  INSERT INTO STUDSUBJ VALUES
    (160448269, 'BUS021', 520131400);
  INSERT INTO STUDSUBJ VALUES
    (160448269, 'ECS522U', 100000005);
  INSERT INTO STUDSUBJ VALUES
    (160448269, 'ECS506U', 100000041);
  INSERT INTO STUDSUBJ VALUES
    (160448269, 'ECS518U', 100000001);
  INSERT INTO STUDSUBJ VALUES
    (160448269, 'ECS509U', 100000001);
  INSERT INTO STUDSUBJ VALUES
    (160448269, 'ECS524U', 100000003);
  INSERT INTO STUDSUBJ VALUES
    (160448269, 'BUS011', 520131400);
  INSERT INTO STUDSUBJ VALUES
    (160448269, 'ECS505U', 100000041);

  INSERT INTO STUDSUBJ VALUES
    (160000001, 'ECS529U', 100000012);
  INSERT INTO STUDSUBJ VALUES
    (160000001, 'ECS522U', 100000005);
  INSERT INTO STUDSUBJ VALUES
    (160000001, 'ECS506U', 100000041);
  INSERT INTO STUDSUBJ VALUES
    (160000001, 'ECS518U', 100000001);
  INSERT INTO STUDSUBJ VALUES
    (160000001, 'ECS509U', 100000001);
  INSERT INTO STUDSUBJ VALUES
    (160000001, 'ECS524U', 100000003);
  INSERT INTO STUDSUBJ VALUES
    (160000001, 'ECS510U', 100000021);
  INSERT INTO STUDSUBJ VALUES
    (160000001, 'ECS505U', 100000041);

  INSERT INTO STUDSUBJ VALUES
    (160000003, 'ECS529U', 100000012);
  INSERT INTO STUDSUBJ VALUES
    (160000003, 'ECS522U', 100000005);
  INSERT INTO STUDSUBJ VALUES
    (160000003, 'ECS506U', 100000041);
  INSERT INTO STUDSUBJ VALUES
    (160000003, 'ECS518U', 100000001);
  INSERT INTO STUDSUBJ VALUES
    (160000003, 'ECS509U', 100000001);
  INSERT INTO STUDSUBJ VALUES
    (160000003, 'ECS524U', 100000003);
  INSERT INTO STUDSUBJ VALUES
    (160000003, 'ECS510U', 100000021);
  INSERT INTO STUDSUBJ VALUES
    (160000003, 'ECS505U', 100000041);

  INSERT INTO STUDSUBJ VALUES
    (160000004, 'ECS529U', 100000012);
  INSERT INTO STUDSUBJ VALUES
    (160000004, 'ECS522U', 100000005);
  INSERT INTO STUDSUBJ VALUES
    (160000004, 'ECS506U', 100000041);
  INSERT INTO STUDSUBJ VALUES
    (160000004, 'ECS518U', 100000001);
  INSERT INTO STUDSUBJ VALUES
    (160000004, 'ECS509U', 100000001);
  INSERT INTO STUDSUBJ VALUES
    (160000004, 'ECS524U', 100000003);
  INSERT INTO STUDSUBJ VALUES
    (160000004, 'ECS510U', 100000021);
  INSERT INTO STUDSUBJ VALUES
    (160000004, 'ECS505U', 100000041);

  INSERT INTO STUDSUBJ VALUES
    (110519970, 'ECS529U', 100000012);
  INSERT INTO STUDSUBJ VALUES
    (110519970, 'ECS522U', 100000005);
  INSERT INTO STUDSUBJ VALUES
    (110519970, 'ECS506U', 100000041);
  INSERT INTO STUDSUBJ VALUES
    (110519970, 'ECS518U', 100000001);
  INSERT INTO STUDSUBJ VALUES
    (110519970, 'ECS509U', 100000001);
  INSERT INTO STUDSUBJ VALUES
    (110519970, 'ECS524U', 100000003);
  INSERT INTO STUDSUBJ VALUES
    (110519970, 'ECS510U', 100000021);
  INSERT INTO STUDSUBJ VALUES
    (110519970, 'ECS505U', 100000041);

  INSERT INTO STUDSUBJ VALUES
    (123456789, 'ECS529U', 100000012);
  INSERT INTO STUDSUBJ VALUES
    (123456789, 'ECS522U', 100000005);
  INSERT INTO STUDSUBJ VALUES
    (123456789, 'ECS506U', 100000041);
  INSERT INTO STUDSUBJ VALUES
    (123456789, 'ECS518U', 100000001);
  INSERT INTO STUDSUBJ VALUES
    (123456789, 'ECS509U', 100000001);
  INSERT INTO STUDSUBJ VALUES
    (123456789, 'ECS524U', 100000003);
  INSERT INTO STUDSUBJ VALUES
    (123456789, 'ECS510U', 100000021);
  INSERT INTO STUDSUBJ VALUES
    (123456789, 'ECS505U', 100000041);

  INSERT INTO STUDSUBJ VALUES
    (234567891, 'ECS529U', 100000012);
  INSERT INTO STUDSUBJ VALUES
    (234567891, 'ECS522U', 100000005);
  INSERT INTO STUDSUBJ VALUES
    (234567891, 'ECS506U', 100000041);
  INSERT INTO STUDSUBJ VALUES
    (234567891, 'ECS518U', 100000001);
  INSERT INTO STUDSUBJ VALUES
    (234567891, 'ECS509U', 100000001);
  INSERT INTO STUDSUBJ VALUES
    (234567891, 'ECS524U', 100000003);
  INSERT INTO STUDSUBJ VALUES
    (234567891, 'ECS510U', 100000021);
  INSERT INTO STUDSUBJ VALUES
    (234567891, 'ECS505U', 100000041);

  INSERT INTO STUDSUBJ VALUES
    (345678912, 'ECS529U', 100000012);
  INSERT INTO STUDSUBJ VALUES
    (345678912, 'ECS522U', 100000005);
  INSERT INTO STUDSUBJ VALUES
    (345678912, 'ECS506U', 100000041);
  INSERT INTO STUDSUBJ VALUES
    (345678912, 'ECS518U', 100000001);
  INSERT INTO STUDSUBJ VALUES
    (345678912, 'ECS509U', 100000001);
  INSERT INTO STUDSUBJ VALUES
    (345678912, 'ECS524U', 100000003);
  INSERT INTO STUDSUBJ VALUES
    (345678912, 'ECS510U', 100000021);
  INSERT INTO STUDSUBJ VALUES
    (345678912, 'ECS505U', 100000041);

  INSERT INTO STUDSUBJ VALUES
    (456789123, 'ECS529U', 100000012);
  INSERT INTO STUDSUBJ VALUES
    (456789123, 'ECS522U', 100000005);
  INSERT INTO STUDSUBJ VALUES
    (456789123, 'ECS506U', 100000041);
  INSERT INTO STUDSUBJ VALUES
    (456789123, 'ECS518U', 100000001);
  INSERT INTO STUDSUBJ VALUES
    (456789123, 'ECS509U', 100000001);
  INSERT INTO STUDSUBJ VALUES
    (456789123, 'ECS524U', 100000003);
  INSERT INTO STUDSUBJ VALUES
    (456789123, 'ECS510U', 100000021);
  INSERT INTO STUDSUBJ VALUES
    (456789123, 'ECS505U', 100000041);


-- table for lecturers --
CREATE TABLE LECT
(
  LecturerID NUMBER(9) NOT NULL,
  LName VARCHAR2(30) NOT NULL,
  LEmail VARCHAR2(30) NOT NULL,
  PRIMARY KEY (LecturerID)
);

  INSERT INTO LECT VALUES
    (100000001, 'Tassos Tombros', 'a.tombros@qmul.ac.uk');
  INSERT INTO LECT VALUES
    (100000011, 'Anthony Stockman', 't.stockman@qmul.ac.uk');
  INSERT INTO LECT VALUES
    (100000012, 'Thomas Roelleke', 't.roelleke@qmul.ac.uk');
  INSERT INTO LECT VALUES
    (100000021, 'Matthew Huntbach', 'm.m.huntbach@qmul.ac.uk');
  INSERT INTO LECT VALUES
    (100000022, 'Nikos Tzevelekos', 'nikos.tzevelekos@qmul.ac.uk');
  INSERT INTO LECT VALUES
    (100000003, 'Steve Uhlig', 'steve.uhlig@qmul.ac.uk');
  INSERT INTO LECT VALUES
    (100000041, 'Mustafa Bozkurt', 'm.bozkurt@qmul.ac.uk');
  INSERT INTO LECT VALUES
    (100000042, 'Lorenzo Jamone', 'l.jamone@qmul.ac.uk');
  INSERT INTO LECT VALUES
    (100000005, 'Juan Alvarado', 'j.alvaradolopez@qmul.ac.uk');
  INSERT INTO LECT VALUES
    (100000006, '', '@qmul.ac.uk');
  INSERT INTO LECT VALUES
    (100000007, '', '@qmul.ac.uk');


-- table for subjects lecturer --
-- might erase afterward --
CREATE TABLE SUBJLECT
( SubjectCode VARCHAR2(8) NOT NULL,
  LecturerID NUMBER(9) NOT NULL
);

  INSERT INTO SUBJLECT VALUES
    ('ECS529U', 100000012);
  INSERT INTO SUBJLECT VALUES
    ('ECS522U', 100000005);
  INSERT INTO SUBJLECT VALUES
    ('ECS506U', 100000041);
  INSERT INTO SUBJLECT VALUES
    ('ECS518U', 100000001);
  INSERT INTO SUBJLECT VALUES
    ('ECS509U', 100000001);
  INSERT INTO SUBJLECT VALUES
    ('ECS524U', 100000003);
  INSERT INTO SUBJLECT VALUES
    ('ECS510U', 100000021);
  INSERT INTO SUBJLECT VALUES
    ('ECS505U', 100000041);
  INSERT INTO SUBJLECT VALUES
    ('BUS021U', 100000006);
  INSERT INTO SUBJLECT VALUES
    ('BUS011U', 100000007);


-- table for Courseworks --
-- add student ID because Courseworks done by student. --
CREATE TABLE CW
(
  CWCode NUMBER(10) NOT NULL,
  CWName VARCHAR2(30) NOT NULL,
  CWDeadline DATE NOT NULL,
  CWMark NUMBER(3) NOT NULL,
  SubjectCode VARCHAR2(8) NOT NULL,
  StudentID NUMBER(9) NOT NULL,
  PRIMARY KEY (CWCode),
  CONSTRAINT CW_SubjectCode
    FOREIGN KEY (SubjectCode) REFERENCES SUBJ(SubjectCode) ON DELETE CASCADE,
  CONSTRAINT CW_StudentID
    FOREIGN KEY (StudentID) REFERENCES STUD(StudentID) ON DELETE CASCADE
);

  INSERT INTO CW VALUES
    (0136794, 'Coursework02 - Implementation', TO_DATE('23-03-2018 23:55','DD-MM-YYYY HH24:MI'),
      83, 'ECS529U', 161017024);
  INSERT INTO CW VALUES
    (0136790, 'Coursework01 - Design', TO_DATE('16-02-2018 23:55','DD-MM-YYYY HH24:MI'),
      90, 'ECS529U', 161017024);
  INSERT INTO CW VALUES
    (0123893, 'Coursework01 - Stakeholders, requirements and design', TO_DATE('23-03-2018 23:55','DD-MM-YYYY HH24:MI'),
      80, 'ECS522U', 160448269);
  INSERT INTO CW VALUES
    (0123893, 'Coursework02 - Implementation', TO_DATE('23-03-2018 23:55','DD-MM-YYYY HH24:MI'),
      80, 'ECS522U', 160449269);

-- table for exams --
-- maybe add studentID because student takes exams. StudentID NUMBER(9) --
CREATE TABLE EXAM
(
  ExamCode NUMBER(5) NOT NULL,
  EName VARCHAR2(15) NOT NULL,
  EType VARCHAR2(10) NOT NULL,
  EDate DATE NOT NULL,
  ETime TIMESTAMP NOT NULL,
  EMark NUMBER(3) NOT NULL,
  SubjectCode VARCHAR2(8) NOT NULL,
  LecturerID NUMBER(9) NOT NULL,
  StudentID NUMBER(9) NOT NULL,
  PRIMARY KEY (ExamCode),
  CONSTRAINT EXAM_SubjectCode
    FOREIGN KEY (SubjectCode) REFERENCES SUBJ(SubjectCode) ON DELETE CASCADE,
  CONSTRAINT EXAM_LecturerID
    FOREIGN KEY (LecturerID) REFERENCES LECT(LecturerID) ON DELETE CASCADE
);

  INSERT INTO EXAM VALUES
    (0159, 'Final Exam', 'First Sit', TO_DATE('30-04-2018','DD-MM-YYYY'),
      TO_TIMESTAMP('14:30','HH24:MI'), 79, 'ECS529U', 100000011, 161017024);
  INSERT INTO EXAM VALUES
    (2107, 'Final Exam', 'First Sit', TO_DATE('04-05-2018','DD-MM-YYYY'),
      TO_TIMESTAMP('14:30','HH24:MI'), 89, 'ECS505U', 100000041, 161017024);
  INSERT INTO EXAM VALUES
    (3459, 'Final Exam', 'First Sit', TO_DATE('02-05-2018','DD-MM-YYYY'),
      TO_TIMESTAMP('14:30','HH24:MI'), 73, 'ECS522U', 100000005, 161017024);
  INSERT INTO EXAM VALUES
    (1122, 'Final Exam', 'First Sit', TO_DATE('22-05-2018','DD-MM-YYYY'),
      TO_TIMESTAMP('10:00','HH24:MI'), 92, 'ECS509U', 100000001, 161017024);
  INSERT INTO EXAM VALUES
    (1312, 'Final Exam', 'First Sit', TO_DATE('16-05-2018','DD-MM-YYYY'),
      TO_TIMESTAMP('10:00','HH24:MI'), 80, 'ECS518U', 100000001, 161017024);
  INSERT INTO EXAM VALUES
    (2198, 'Final Exam', 'First Sit', TO_DATE('25-05-2018','DD-MM-YYYY'),
      TO_TIMESTAMP('10:00','HH24:MI'), 89, 'ECS510U', 100000021, 161017024);
  INSERT INTO EXAM VALUES
    (0710, 'Final Exam', 'First Sit', TO_DATE('08-05-2018','DD-MM-YYYY'),
      TO_TIMESTAMP('10:00','HH24:MI'), 70, 'ECS524U', 100000003, 161017024);

  INSERT INTO EXAM VALUES
    (0186, 'Final Exam', 'First Sit', TO_DATE('18-05-2018','DD-MM-YYYY'),
      TO_TIMESTAMP('10:00','HH24:MI'), 60, 'BUS021', 100000006, 160448269);
  INSERT INTO EXAM VALUES
    (2107, 'Final Exam', 'First Sit', TO_DATE('07-05-2018','DD-MM-YYYY'),
      TO_TIMESTAMP('14:30','HH24:MI'), 60, 'ECS505U', 100000041, 160448269);
  INSERT INTO EXAM VALUES
    (3459, 'Final Exam', 'First Sit', TO_DATE('10-05-2018100000005DD-MM-YYYY'),
      TO_TIMESTAMP('14:30','HH24:MI'), 60, 'ECS522U', 100000005, 160448269);
  INSERT INTO EXAM VALUES
    (1122, 'Final Exam', 'First Sit', TO_DATE('13-05-2018','DD-MM-YYYY'),
      TO_TIMESTAMP('10:00','HH24:MI'), 60, 'ECS509U', 100000001, 160448269);
  INSERT INTO EXAM VALUES
    (0710, 'Final Exam', 'First Sit', TO_DATE('08-05-2018','DD-MM-YYYY'),
      TO_TIMESTAMP('10:00','HH24:MI'), 79, 'ECS524U', 100000003, 160448269);
  INSERT INTO EXAM VALUES
    (2157, 'Final Exam', 'First Sit', TO_DATE('30-04-2018','DD-MM-YYYY'),
      TO_TIMESTAMP('14:30','HH24:MI'), 79, 'ECS518U', 100000001, 160448269);

  INSERT INTO EXAM VALUES
    (0159, 'Final Exam', 'First Sit', TO_DATE('03-05-2018','DD-MM-YYYY'),
      TO_TIMESTAMP('10:00','HH24:MI'), 79, 'ECS529U', 100000011, 160000001);
  INSERT INTO EXAM VALUES
    (0123, 'Final Exam', 'First Sit', TO_DATE('08-05-2018','DD-MM-YYYY'),
      TO_TIMESTAMP('10:00','HH24:MI'), 79, 'ECS524U', 100000003, 160000001);
  INSERT INTO EXAM VALUES
    (2157, 'Final Exam', 'First Sit', TO_DATE('30-04-2018','DD-MM-YYYY'),
      TO_TIMESTAMP('14:30','HH24:MI'), 79, 'ECS518U', 100000001, 160000001);
  INSERT INTO EXAM VALUES
    (2107, 'Final Exam', 'First Sit', TO_DATE('07-05-2018','DD-MM-YYYY'),
      TO_TIMESTAMP('14:30','HH24:MI'), 89, 'ECS505U', 100000041, 160000001);
  INSERT INTO EXAM VALUES
    (3459, 'Final Exam', 'First Sit', TO_DATE('10-05-2018','DD-MM-YYYY'),
      TO_TIMESTAMP('14:30','HH24:MI'), 73, 'ECS522U', 100000005, 160000001);
  INSERT INTO EXAM VALUES
    (1122, 'Final Exam', 'First Sit', TO_DATE('13-05-2018','DD-MM-YYYY'),
      TO_TIMESTAMP('10:00','HH24:MI'), 92, 'ECS509U', 100000001, 160000001);

  INSERT INTO EXAM VALUES
    (0159, 'Final Exam', 'First Sit', TO_DATE('03-05-2018','DD-MM-YYYY'),
      TO_TIMESTAMP('10:00','HH24:MI'), 79, 'ECS529U', 100000011, 160000003);
  INSERT INTO EXAM VALUES
    (0123, 'Final Exam', 'First Sit', TO_DATE('08-05-2018','DD-MM-YYYY'),
      TO_TIMESTAMP('10:00','HH24:MI'), 79, 'ECS524U', 100000003, 160000003);
  INSERT INTO EXAM VALUES
    (2157, 'Final Exam', 'First Sit', TO_DATE('30-04-2018','DD-MM-YYYY'),
      TO_TIMESTAMP('14:30','HH24:MI'), 79, 'ECS518U', 100000001, 160000003);
  INSERT INTO EXAM VALUES
    (2107, 'Final Exam', 'First Sit', TO_DATE('07-05-2018','DD-MM-YYYY'),
      TO_TIMESTAMP('14:30','HH24:MI'), 89, 'ECS505U', 100000041, 160000003);
  INSERT INTO EXAM VALUES
    (3459, 'Final Exam', 'First Sit', TO_DATE('10-05-2018','DD-MM-YYYY'),
      TO_TIMESTAMP('14:30','HH24:MI'), 73, 'ECS522U', 100000005, 160000003);
  INSERT INTO EXAM VALUES
    (1122, 'Final Exam', 'First Sit', TO_DATE('13-05-2018','DD-MM-YYYY'),
      TO_TIMESTAMP('10:00','HH24:MI'), 92, 'ECS509U', 100000001, 160000003);

  INSERT INTO EXAM VALUES
    (0159, 'Final Exam', 'First Sit', TO_DATE('03-05-2018','DD-MM-YYYY'),
      TO_TIMESTAMP('10:00','HH24:MI'), 79, 'ECS529U', 100000011, 160000004);
  INSERT INTO EXAM VALUES
    (0123, 'Final Exam', 'First Sit', TO_DATE('08-05-2018','DD-MM-YYYY'),
      TO_TIMESTAMP('10:00','HH24:MI'), 79, 'ECS524U', 100000003, 160000004);
  INSERT INTO EXAM VALUES
    (2157, 'Final Exam', 'First Sit', TO_DATE('30-04-2018','DD-MM-YYYY'),
      TO_TIMESTAMP('14:30','HH24:MI'), 79, 'ECS518U', 100000001, 160000004);
  INSERT INTO EXAM VALUES
    (2107, 'Final Exam', 'First Sit', TO_DATE('07-05-2018','DD-MM-YYYY'),
      TO_TIMESTAMP('14:30','HH24:MI'), 89, 'ECS505U', 100000041, 160000004);
  INSERT INTO EXAM VALUES
    (3459, 'Final Exam', 'First Sit', TO_DATE('10-05-2018','DD-MM-YYYY'),
      TO_TIMESTAMP('14:30','HH24:MI'), 73, 'ECS522U', 100000005, 160000004);
  INSERT INTO EXAM VALUES
    (1122, 'Final Exam', 'First Sit', TO_DATE('13-05-2018','DD-MM-YYYY'),
      TO_TIMESTAMP('10:00','HH24:MI'), 92, 'ECS509U', 100000001, 160000004);

  INSERT INTO EXAM VALUES
    (0159, 'Final Exam', 'First Sit', TO_DATE('03-05-2018','DD-MM-YYYY'),
      TO_TIMESTAMP('10:00','HH24:MI'), 79, 'ECS529U', 100000011, 110519970);
  INSERT INTO EXAM VALUES
    (0123, 'Final Exam', 'First Sit', TO_DATE('08-05-2018','DD-MM-YYYY'),
      TO_TIMESTAMP('10:00','HH24:MI'), 79, 'ECS524U', 100000003, 110519970);
  INSERT INTO EXAM VALUES
    (2157, 'Final Exam', 'First Sit', TO_DATE('30-04-2018','DD-MM-YYYY'),
      TO_TIMESTAMP('14:30','HH24:MI'), 79, 'ECS518U', 100000001, 110519970);
  INSERT INTO EXAM VALUES
    (2107, 'Final Exam', 'First Sit', TO_DATE('07-05-2018','DD-MM-YYYY'),
      TO_TIMESTAMP('14:30','HH24:MI'), 89, 'ECS505U', 100000041, 110519970);
  INSERT INTO EXAM VALUES
    (3459, 'Final Exam', 'First Sit', TO_DATE('10-05-2018','DD-MM-YYYY'),
      TO_TIMESTAMP('14:30','HH24:MI'), 73, 'ECS522U', 100000005, 110519970);
  INSERT INTO EXAM VALUES
    (1122, 'Final Exam', 'First Sit', TO_DATE('13-05-2018','DD-MM-YYYY'),
      TO_TIMESTAMP('10:00','HH24:MI'), 92, 'ECS509U', 100000001, 110519970);

  INSERT INTO EXAM VALUES
    (0159, 'Final Exam', 'First Sit', TO_DATE('03-05-2018','DD-MM-YYYY'),
      TO_TIMESTAMP('10:00','HH24:MI'), 79, 'ECS529U', 100000011, 123456789);
  INSERT INTO EXAM VALUES
    (0123, 'Final Exam', 'First Sit', TO_DATE('08-05-2018','DD-MM-YYYY'),
      TO_TIMESTAMP('10:00','HH24:MI'), 79, 'ECS524U', 100000003, 123456789);
  INSERT INTO EXAM VALUES
    (2157, 'Final Exam', 'First Sit', TO_DATE('30-04-2018','DD-MM-YYYY'),
      TO_TIMESTAMP('14:30','HH24:MI'), 79, 'ECS518U', 100000001, 123456789);
  INSERT INTO EXAM VALUES
    (2107, 'Final Exam', 'First Sit', TO_DATE('07-05-2018','DD-MM-YYYY'),
      TO_TIMESTAMP('14:30','HH24:MI'), 89, 'ECS505U', 100000041, 123456789);
  INSERT INTO EXAM VALUES
    (3459, 'Final Exam', 'First Sit', TO_DATE('10-05-2018','DD-MM-YYYY'),
      TO_TIMESTAMP('14:30','HH24:MI'), 73, 'ECS522U', 100000005, 123456789);
  INSERT INTO EXAM VALUES
    (1122, 'Final Exam', 'First Sit', TO_DATE('13-05-2018','DD-MM-YYYY'),
      TO_TIMESTAMP('10:00','HH24:MI'), 92, 'ECS509U', 100000001, 123456789);

  INSERT INTO EXAM VALUES
    (0159, 'Final Exam', 'First Sit', TO_DATE('03-05-2018','DD-MM-YYYY'),
      TO_TIMESTAMP('10:00','HH24:MI'), 79, 'ECS529U', 100000011, 234567891);
  INSERT INTO EXAM VALUES
    (0123, 'Final Exam', 'First Sit', TO_DATE('08-05-2018','DD-MM-YYYY'),
      TO_TIMESTAMP('10:00','HH24:MI'), 79, 'ECS524U', 100000003, 234567891);
  INSERT INTO EXAM VALUES
    (2157, 'Final Exam', 'First Sit', TO_DATE('30-04-2018','DD-MM-YYYY'),
      TO_TIMESTAMP('14:30','HH24:MI'), 79, 'ECS518U', 100000001, 234567891);
  INSERT INTO EXAM VALUES
    (2107, 'Final Exam', 'First Sit', TO_DATE('07-05-2018','DD-MM-YYYY'),
      TO_TIMESTAMP('14:30','HH24:MI'), 89, 'ECS505U', 100000041, 234567891);
  INSERT INTO EXAM VALUES
    (3459, 'Final Exam', 'First Sit', TO_DATE('10-05-2018','DD-MM-YYYY'),
      TO_TIMESTAMP('14:30','HH24:MI'), 73, 'ECS522U', 100000005, 234567891);
  INSERT INTO EXAM VALUES
    (1122, 'Final Exam', 'First Sit', TO_DATE('13-05-2018','DD-MM-YYYY'),
      TO_TIMESTAMP('10:00','HH24:MI'), 92, 'ECS509U', 100000001, 234567891);

  INSERT INTO EXAM VALUES
    (0159, 'Final Exam', 'First Sit', TO_DATE('03-05-2018','DD-MM-YYYY'),
      TO_TIMESTAMP('10:00','HH24:MI'), 79, 'ECS529U', 100000011, 345678912);
  INSERT INTO EXAM VALUES
    (0123, 'Final Exam', 'First Sit', TO_DATE('08-05-2018','DD-MM-YYYY'),
      TO_TIMESTAMP('10:00','HH24:MI'), 79, 'ECS524U', 100000003, 345678912);
  INSERT INTO EXAM VALUES
    (2157, 'Final Exam', 'First Sit', TO_DATE('30-04-2018','DD-MM-YYYY'),
      TO_TIMESTAMP('14:30','HH24:MI'), 79, 'ECS518U', 100000001, 345678912);
  INSERT INTO EXAM VALUES
    (2107, 'Final Exam', 'First Sit', TO_DATE('07-05-2018','DD-MM-YYYY'),
      TO_TIMESTAMP('14:30','HH24:MI'), 89, 'ECS505U', 100000041, 345678912);
  INSERT INTO EXAM VALUES
    (3459, 'Final Exam', 'First Sit', TO_DATE('10-05-2018','DD-MM-YYYY'),
      TO_TIMESTAMP('14:30','HH24:MI'), 73, 'ECS522U', 100000005, 345678912);
  INSERT INTO EXAM VALUES
    (1122, 'Final Exam', 'First Sit', TO_DATE('13-05-2018','DD-MM-YYYY'),
      TO_TIMESTAMP('10:00','HH24:MI'), 92, 'ECS509U', 100000001, 345678912);

  INSERT INTO EXAM VALUES
    (0159, 'Final Exam', 'First Sit', TO_DATE('03-05-2018','DD-MM-YYYY'),
      TO_TIMESTAMP('10:00','HH24:MI'), 79, 'ECS529U', 100000011, 456789123);
  INSERT INTO EXAM VALUES
    (0123, 'Final Exam', 'First Sit', TO_DATE('08-05-2018','DD-MM-YYYY'),
      TO_TIMESTAMP('10:00','HH24:MI'), 79, 'ECS524U', 100000003, 456789123);
  INSERT INTO EXAM VALUES
    (2157, 'Final Exam', 'First Sit', TO_DATE('30-04-2018','DD-MM-YYYY'),
      TO_TIMESTAMP('14:30','HH24:MI'), 79, 'ECS519U', 100000001, 456789123);
  INSERT INTO EXAM VALUES
    (2107, 'Final Exam', 'First Sit', TO_DATE('07-05-2018','DD-MM-YYYY'),
      TO_TIMESTAMP('14:30','HH24:MI'), 89, 'ECS505U', 100000041, 456789123);
  INSERT INTO EXAM VALUES
    (3459, 'Final Exam', 'First Sit', TO_DATE('10-05-2018','DD-MM-YYYY'),
      TO_TIMESTAMP('14:30','HH24:MI'), 73, 'ECS522U', 100000005, 456789123);
  INSERT INTO EXAM VALUES
    (1122, 'Final Exam', 'First Sit', TO_DATE('13-05-2018','DD-MM-YYYY'),
      TO_TIMESTAMP('10:00','HH24:MI'), 92, 'ECS509U', 100000001, 456789123);


-- table for questions --
-- max marks of each question is 5 --
CREATE TABLE QUEST
(
  QuestionNo NUMBER(2) NOT NULL,
  QMark NUMBER(2) NOT NULL,
  QAuthor VARCHAR2(30) NOT NULL,
  ExamCode NUMBER(5) NOT NULL,
  LecturerID NUMBER(9) NOT NULL.
  PRIMARY KEY (QuestionNo),
  CONSTRAINT QUEST_ExamCode
    FOREIGN KEY (ExamCode) REFERENCES EXAM(ExamCode) ON DELETE CASCADE,
  CONSTRAINT QUEST_LecturerID
    FOREIGN KEY (LecturerID) REFERENCES LECT(LecturerID) ON DELETE CASCADE,
);

  INSERT INTO QUEST VALUES
    (01, 2, 'Tassos Tombros', 0159, 100000001);
  INSERT INTO QUEST VALUES
    (02, 3, 'Tassos Tombros', 0159, 100000001);
  INSERT INTO QUEST VALUES
    (03, 4, 'Mustafa Bozkurt', 0159, 100000041);
  INSERT INTO QUEST VALUES
    (04, 2, 'Tassos Tombros', 0159, 100000001);
  INSERT INTO QUEST VALUES
    (05, 8, 'Tassos Tombros', 0159, 100000001);
  INSERT INTO QUEST VALUES
    (13, 5, 'Anthony Stockman', 2107, 100000011);
  INSERT INTO QUEST VALUES
    (15, 4, 'Anthony Stockman', 2107, 100000012 );
  INSERT INTO QUEST VALUES
    (21, 3, 'Matthew Huntbach', 3459, 1000000021 );
  INSERT INTO QUEST VALUES
    (31, 2, 'Nikos Tzevelekos', 2107, 1000000022);
  INSERT INTO QUEST VALUES
    (23, 1, 'Steve Uhlig', 1122, 100000003);
  INSERT INTO QUEST VALUES
    (03, 1, 'Lorenzo Jamone', 1312, 100000042);
  INSERT INTO QUEST VALUES
    (07, 1, 'Steve Uhlig', 0710, 100000003);
  INSERT INTO QUEST VALUES
    (20, 1, 'Lorenzo Jamone', 0710, 100000042);
  INSERT INTO QUEST VALUES
    (18, 1, 'Juan Alvarado', 2198, 10000005);
  INSERT INTO QUEST VALUES
    (17, 1, 'Juan Alvarado', 2198,100000005 );


-- Creating sequences
CREATE SEQUENCE seq_StudentID
MINVALUE 0
START WITH 1
INCREMENT BY 1
CACHE 10;

CREATE SEQUENCE seq_LecturerID
MINVALUE 0
START WITH 1
INCREMENT BY 1
CACHE 10;

CREATE SEQUENCE seq_SubjectCode
MINVALUE 0
START WITH 1
INCREMENT BY 1
CACHE 10;

CREATE SEQUENCE seq_ExamCode
MINVALUE 0
START WITH 1
INCREMENT BY 1
CACHE 10;

CREATE SEQUENCE seq_CWCode
MINVALUE 0
START WITH 1
INCREMENT BY 1
CACHE 10;


COMMIT;

SET TERMOUT ON
PROMPT Demonstration table build is complete.
